"Extracted from the UNHCR Population Statistics Reference Database","United Nations High Commissioner for Refugees"
"Date extracted: 2017-11-03 12:56:34 +01:00"

"Country / territory of asylum/residence",Origin,Year,Month,Value
Germany,Uganda,2014,January,1
Germany,Uganda,2014,February,3
Germany,Uganda,2014,March,6
Germany,Uganda,2014,April,4
Germany,Uganda,2014,May,7
Germany,Afghanistan,2014,January,981
Germany,Afghanistan,2014,February,781
Germany,Afghanistan,2014,March,675
Germany,Afghanistan,2014,April,673
Germany,Afghanistan,2014,May,523
Germany,Afghanistan,2014,June,621
Germany,Afghanistan,2014,July,752
Germany,Afghanistan,2014,August,743
Germany,Afghanistan,2014,September,922
Germany,Afghanistan,2014,October,892
Germany,Afghanistan,2014,November,762
Germany,Afghanistan,2014,December,790
Germany,Albania,2014,January,423
Germany,Albania,2014,February,819
Germany,Albania,2014,March,697
Germany,Albania,2014,April,654
Germany,Albania,2014,May,616
Germany,Albania,2014,June,642
Germany,Albania,2014,July,757
Germany,Albania,2014,August,559
Germany,Albania,2014,September,366
Germany,Albania,2014,October,585
Germany,Albania,2014,November,859
Germany,Albania,2014,December,888
Germany,"Bosnia and Herzegovina",2014,January,631
Germany,"Bosnia and Herzegovina",2014,February,310
Germany,"Bosnia and Herzegovina",2014,March,522
Germany,"Bosnia and Herzegovina",2014,April,345
Germany,"Bosnia and Herzegovina",2014,May,274
Germany,"Bosnia and Herzegovina",2014,June,372
Germany,"Bosnia and Herzegovina",2014,July,654
Germany,"Bosnia and Herzegovina",2014,August,489
Germany,"Bosnia and Herzegovina",2014,September,475
Germany,"Bosnia and Herzegovina",2014,October,627
Germany,"Bosnia and Herzegovina",2014,November,559
Germany,"Bosnia and Herzegovina",2014,December,447
Germany,Bulgaria,2014,January,5
Germany,Bulgaria,2014,February,1
Germany,Bulgaria,2014,March,3
Germany,Bulgaria,2014,April,5
Germany,Bulgaria,2014,June,3
Germany,Bulgaria,2014,July,8
Germany,Cambodia,2014,February,1
Germany,Cambodia,2014,March,1
Germany,Cambodia,2014,June,3
Germany,Cambodia,2014,July,6
Germany,Cambodia,2014,September,1
Germany,Cambodia,2014,October,1
Germany,Algeria,2014,January,182
Germany,Algeria,2014,February,199
Germany,Algeria,2014,March,225
Germany,Algeria,2014,April,204
Germany,Algeria,2014,May,214
Germany,Algeria,2014,June,194
Germany,Algeria,2014,July,149
Germany,Algeria,2014,August,149
Germany,Algeria,2014,September,180
Germany,Algeria,2014,October,186
Germany,Algeria,2014,November,161
Germany,Algeria,2014,December,133
Germany,Angola,2014,January,6
Germany,Angola,2014,February,10
Germany,Angola,2014,March,14
Germany,Angola,2014,April,11
Germany,Angola,2014,May,13
Germany,Angola,2014,June,8
Germany,Angola,2014,July,3
Germany,Angola,2014,August,8
Germany,Angola,2014,September,7
Germany,Angola,2014,October,8
Germany,Angola,2014,November,9
Germany,Angola,2014,December,1
Germany,Ecuador,2014,March,3
Germany,"Equatorial Guinea",2014,March,2
Germany,"Equatorial Guinea",2014,May,1
Germany,"Equatorial Guinea",2014,June,3
Germany,Benin,2014,January,17
Germany,Benin,2014,February,16
Germany,Benin,2014,March,10
Germany,Benin,2014,April,8
Germany,Benin,2014,May,4
Germany,Benin,2014,June,23
Germany,Benin,2014,July,22
Germany,Benin,2014,August,34
Germany,Benin,2014,September,40
Germany,Benin,2014,October,29
Germany,Benin,2014,November,30
Germany,Benin,2014,December,6
Germany,"Equatorial Guinea",2014,September,2
Germany,Canada,2014,April,1
Germany,"Central African Rep.",2014,February,1
Germany,"Central African Rep.",2014,March,2
Germany,"Central African Rep.",2014,April,3
Germany,"Central African Rep.",2014,May,1
Germany,"Central African Rep.",2014,June,5
Germany,"Central African Rep.",2014,July,3
Germany,"Central African Rep.",2014,August,11
Germany,"Central African Rep.",2014,September,6
Germany,"Central African Rep.",2014,October,2
Germany,"Central African Rep.",2014,December,1
Germany,Chad,2014,January,21
Germany,Chad,2014,February,10
Germany,Chad,2014,March,6
Germany,Chad,2014,April,6
Germany,Chad,2014,May,6
Germany,Chad,2014,June,5
Germany,Chad,2014,July,9
Germany,Chad,2014,August,19
Germany,Chad,2014,September,9
Germany,Chad,2014,October,4
Germany,Chad,2014,November,17
Germany,Chad,2014,December,5
Germany,China,2014,January,43
Germany,China,2014,February,19
Germany,China,2014,March,32
Germany,China,2014,April,42
Germany,China,2014,May,53
Germany,China,2014,June,50
Germany,China,2014,July,31
Germany,China,2014,August,57
Germany,China,2014,September,32
Germany,China,2014,October,51
Germany,China,2014,November,28
Germany,China,2014,December,28
Germany,Chile,2014,December,1
Germany,Eritrea,2014,January,509
Germany,Eritrea,2014,February,220
Germany,Eritrea,2014,March,227
Germany,Eritrea,2014,April,475
Germany,Eritrea,2014,May,1227
Germany,Eritrea,2014,June,1333
Germany,Eritrea,2014,July,2010
Germany,Eritrea,2014,August,1997
Germany,Eritrea,2014,September,1708
Germany,Eritrea,2014,October,1518
Germany,Eritrea,2014,November,1264
Germany,Eritrea,2014,December,710
Germany,Bangladesh,2014,January,81
Germany,Bangladesh,2014,February,57
Germany,Bangladesh,2014,March,60
Germany,Bangladesh,2014,April,54
Germany,Bangladesh,2014,May,54
Germany,Bangladesh,2014,June,34
Germany,Bangladesh,2014,July,46
Germany,Bangladesh,2014,August,72
Germany,Bangladesh,2014,September,76
Germany,Bangladesh,2014,October,76
Germany,Bangladesh,2014,November,37
Germany,Bangladesh,2014,December,48
Germany,Bahamas,2014,February,1
Germany,Bhutan,2014,May,1
Germany,Bhutan,2014,July,3
Germany,Ethiopia,2014,January,93
Germany,Ethiopia,2014,February,60
Germany,Ethiopia,2014,March,41
Germany,Ethiopia,2014,April,62
Germany,Ethiopia,2014,May,56
Germany,Ethiopia,2014,June,87
Germany,Ethiopia,2014,July,122
Germany,Ethiopia,2014,August,99
Germany,Ethiopia,2014,September,189
Germany,Ethiopia,2014,October,155
Germany,Ethiopia,2014,November,123
Germany,Ethiopia,2014,December,87
Germany,"Burkina Faso",2014,January,22
Germany,"Burkina Faso",2014,February,11
Germany,"Burkina Faso",2014,March,10
Germany,"Burkina Faso",2014,April,18
Germany,"Burkina Faso",2014,May,24
Germany,"Burkina Faso",2014,June,16
Germany,"Burkina Faso",2014,July,12
Germany,"Burkina Faso",2014,August,21
Germany,"Burkina Faso",2014,September,27
Germany,"Burkina Faso",2014,October,9
Germany,"Burkina Faso",2014,November,16
Germany,"Burkina Faso",2014,December,9
Germany,France,2014,January,1
Germany,France,2014,February,2
Germany,Gabon,2014,January,1
Germany,Gabon,2014,February,1
Germany,Gabon,2014,May,1
Germany,Gabon,2014,September,3
Germany,Iraq,2014,January,388
Germany,Iraq,2014,February,405
Germany,Iraq,2014,March,358
Germany,Iraq,2014,April,365
Germany,Iraq,2014,May,321
Germany,Iraq,2014,June,304
Germany,Iraq,2014,July,401
Germany,Iraq,2014,August,436
Germany,Iraq,2014,September,517
Germany,Iraq,2014,October,636
Germany,Iraq,2014,November,693
Germany,Iraq,2014,December,521
Germany,Belarus,2014,January,7
Germany,Belarus,2014,February,9
Germany,Belarus,2014,March,7
Germany,Belarus,2014,April,19
Germany,Belarus,2014,May,2
Germany,Belarus,2014,June,3
Germany,Belarus,2014,July,9
Germany,Belarus,2014,August,5
Germany,Belarus,2014,September,3
Germany,Belarus,2014,October,16
Germany,Belarus,2014,November,11
Germany,Belarus,2014,December,20
Germany,Botswana,2014,May,3
Germany,Botswana,2014,July,1
Germany,Brazil,2014,February,2
Germany,Brazil,2014,March,3
Germany,Brazil,2014,May,2
Germany,Brazil,2014,December,1
Germany,Gambia,2014,January,92
Germany,Gambia,2014,February,91
Germany,Gambia,2014,March,88
Germany,Gambia,2014,April,178
Germany,Gambia,2014,May,133
Germany,Gambia,2014,June,188
Germany,Gambia,2014,July,241
Germany,Gambia,2014,August,194
Germany,Gambia,2014,September,250
Germany,Gambia,2014,October,145
Germany,Gambia,2014,November,105
Germany,Gambia,2014,December,207
Germany,Israel,2014,February,2
Germany,Israel,2014,March,3
Germany,Israel,2014,April,5
Germany,Israel,2014,June,1
Germany,Israel,2014,August,5
Germany,Israel,2014,September,3
Germany,Israel,2014,November,1
Germany,Italy,2014,January,1
Germany,Italy,2014,February,1
Germany,Italy,2014,March,2
Germany,Italy,2014,April,3
Germany,Italy,2014,May,1
Germany,Italy,2014,June,2
Germany,Italy,2014,September,1
Germany,Italy,2014,October,4
Germany,Jamaica,2014,February,3
Germany,Jamaica,2014,March,2
Germany,Jamaica,2014,April,3
Germany,Jamaica,2014,June,1
Germany,Jamaica,2014,October,1
Germany,Jamaica,2014,December,1
Germany,Jordan,2014,January,5
Germany,Jordan,2014,February,2
Germany,Jordan,2014,March,6
Germany,Jordan,2014,April,4
Germany,Jordan,2014,May,10
Germany,Jordan,2014,June,7
Germany,Jordan,2014,July,15
Germany,Jordan,2014,August,15
Germany,Jordan,2014,September,7
Germany,Jordan,2014,October,13
Germany,Jordan,2014,November,7
Germany,Jordan,2014,December,4
Germany,Kazakhstan,2014,January,19
Germany,Kazakhstan,2014,February,18
Germany,Kazakhstan,2014,March,14
Germany,Kazakhstan,2014,April,10
Germany,Kazakhstan,2014,May,9
Germany,Kazakhstan,2014,June,5
Germany,Kazakhstan,2014,July,7
Germany,Kazakhstan,2014,August,1
Germany,Kazakhstan,2014,September,11
Germany,Kazakhstan,2014,October,19
Germany,Kazakhstan,2014,November,8
Germany,Kazakhstan,2014,December,7
Germany,Cameroon,2014,January,55
Germany,Croatia,2014,January,9
Germany,Croatia,2014,February,1
Germany,Croatia,2014,March,1
Germany,Croatia,2014,June,2
Germany,Croatia,2014,December,3
Germany,Hungary,2014,January,1
Germany,Hungary,2014,June,1
Germany,Hungary,2014,September,1
Germany,"Côte d'Ivoire",2014,January,31
Germany,"Côte d'Ivoire",2014,February,17
Germany,"Côte d'Ivoire",2014,March,23
Germany,"Côte d'Ivoire",2014,April,29
Germany,"Côte d'Ivoire",2014,May,38
Germany,"Côte d'Ivoire",2014,June,15
Germany,"Côte d'Ivoire",2014,July,20
Germany,"Côte d'Ivoire",2014,August,24
Germany,"Côte d'Ivoire",2014,September,18
Germany,"Côte d'Ivoire",2014,October,9
Germany,"Côte d'Ivoire",2014,November,36
Germany,"Côte d'Ivoire",2014,December,18
Germany,Cameroon,2014,February,53
Germany,Cameroon,2014,March,43
Germany,Cameroon,2014,April,43
Germany,Cameroon,2014,May,47
Germany,Cameroon,2014,June,47
Germany,Cameroon,2014,July,42
Germany,Cameroon,2014,August,52
Germany,Cameroon,2014,September,70
Germany,Cameroon,2014,October,32
Germany,Cameroon,2014,November,66
Germany,Cameroon,2014,December,48
Germany,Lebanon,2014,January,107
Germany,Lebanon,2014,February,69
Germany,Lebanon,2014,March,43
Germany,Lebanon,2014,April,79
Germany,Lebanon,2014,May,45
Germany,Lebanon,2014,June,44
Germany,Lebanon,2014,July,55
Germany,Lebanon,2014,August,36
Germany,Lebanon,2014,September,48
Germany,Lebanon,2014,October,77
Germany,Lebanon,2014,November,45
Germany,Lebanon,2014,December,47
Germany,"Sri Lanka",2014,January,53
Germany,"Sri Lanka",2014,February,40
Germany,"Sri Lanka",2014,March,49
Germany,"Sri Lanka",2014,April,27
Germany,"Sri Lanka",2014,May,31
Germany,"Sri Lanka",2014,June,30
Germany,"Sri Lanka",2014,July,50
Germany,"Sri Lanka",2014,August,45
Germany,"Sri Lanka",2014,September,36
Germany,"Sri Lanka",2014,October,26
Germany,"Sri Lanka",2014,November,34
Germany,"Sri Lanka",2014,December,23
Germany,Lithuania,2014,February,1
Germany,Congo,2014,January,7
Germany,Congo,2014,February,2
Germany,Congo,2014,March,2
Germany,Congo,2014,April,4
Germany,Congo,2014,May,7
Germany,Congo,2014,June,3
Germany,Congo,2014,July,6
Germany,Congo,2014,August,5
Germany,Congo,2014,September,9
Germany,Congo,2014,October,8
Germany,Congo,2014,November,2
Germany,Congo,2014,December,2
Germany,Kenya,2014,January,9
Germany,Kenya,2014,February,12
Germany,Kenya,2014,March,13
Germany,Kenya,2014,April,23
Germany,Kenya,2014,May,26
Germany,Kenya,2014,June,9
Germany,Kenya,2014,July,9
Germany,Kenya,2014,August,8
Germany,Kenya,2014,September,19
Germany,Kenya,2014,October,8
Germany,Kenya,2014,November,13
Germany,Kenya,2014,December,10
Germany,Egypt,2014,January,90
Germany,Egypt,2014,February,63
Germany,Egypt,2014,March,64
Germany,Egypt,2014,April,56
Germany,Egypt,2014,May,102
Germany,Egypt,2014,June,87
Germany,Egypt,2014,July,91
Germany,Egypt,2014,August,93
Germany,Egypt,2014,September,112
Germany,Egypt,2014,October,86
Germany,Egypt,2014,November,99
Germany,Egypt,2014,December,71
Germany,Argentina,2014,March,1
Germany,"Dem. Rep. of the Congo",2014,January,32
Germany,"Dem. Rep. of the Congo",2014,February,24
Germany,"Dem. Rep. of the Congo",2014,March,11
Germany,"Dem. Rep. of the Congo",2014,April,21
Germany,"Dem. Rep. of the Congo",2014,May,11
Germany,"Dem. Rep. of the Congo",2014,June,26
Germany,"Dem. Rep. of the Congo",2014,July,11
Germany,"Dem. Rep. of the Congo",2014,August,10
Germany,"Dem. Rep. of the Congo",2014,September,17
Germany,"Dem. Rep. of the Congo",2014,October,14
Germany,"Dem. Rep. of the Congo",2014,November,10
Germany,"Dem. Rep. of the Congo",2014,December,9
Germany,Comoros,2014,October,3
Germany,Latvia,2014,June,1
Germany,Latvia,2014,September,2
Germany,India,2014,January,125
Germany,India,2014,February,105
Germany,India,2014,March,100
Germany,India,2014,April,171
Germany,India,2014,May,115
Germany,India,2014,June,152
Germany,India,2014,July,126
Germany,India,2014,August,130
Germany,India,2014,September,175
Germany,India,2014,October,146
Germany,India,2014,November,109
Germany,India,2014,December,161
Germany,Colombia,2014,February,2
Germany,Colombia,2014,March,6
Germany,Colombia,2014,April,3
Germany,Colombia,2014,May,1
Germany,Colombia,2014,June,1
Germany,Colombia,2014,July,1
Germany,Colombia,2014,August,4
Germany,Colombia,2014,September,1
Germany,Colombia,2014,October,1
Germany,Colombia,2014,December,1
Germany,Mauritania,2014,January,22
Germany,Mauritania,2014,February,6
Germany,Mauritania,2014,March,5
Germany,Mauritania,2014,April,8
Germany,Mauritania,2014,May,9
Germany,Mauritania,2014,June,7
Germany,Mauritania,2014,July,3
Germany,Mauritania,2014,August,11
Germany,Mauritania,2014,September,3
Germany,Mauritania,2014,October,5
Germany,Mauritania,2014,November,3
Germany,Mauritania,2014,December,10
Germany,Indonesia,2014,March,2
Germany,Indonesia,2014,June,1
Germany,Armenia,2014,January,135
Germany,Armenia,2014,February,114
Germany,Armenia,2014,March,145
Germany,Armenia,2014,April,130
Germany,Armenia,2014,May,131
Germany,Armenia,2014,June,165
Germany,Armenia,2014,July,216
Germany,Armenia,2014,August,188
Germany,Armenia,2014,September,254
Germany,Armenia,2014,October,214
Germany,Armenia,2014,November,174
Germany,Armenia,2014,December,247
Germany,Pakistan,2014,May,258
Germany,Cuba,2014,January,2
Germany,Cuba,2014,February,4
Germany,Cuba,2014,March,9
Germany,Cuba,2014,April,9
Germany,Cuba,2014,May,7
Germany,Cuba,2014,June,4
Germany,Cuba,2014,July,4
Germany,Cuba,2014,August,6
Germany,Cuba,2014,September,2
Germany,Cuba,2014,October,12
Germany,Cuba,2014,November,4
Germany,Cuba,2014,December,4
Germany,"Iran (Islamic Rep. of)",2014,January,350
Germany,"Iran (Islamic Rep. of)",2014,February,191
Germany,"Iran (Islamic Rep. of)",2014,March,159
Germany,"Iran (Islamic Rep. of)",2014,April,310
Germany,"Iran (Islamic Rep. of)",2014,May,261
Germany,"Iran (Islamic Rep. of)",2014,June,232
Germany,"Iran (Islamic Rep. of)",2014,July,254
Germany,"Iran (Islamic Rep. of)",2014,August,257
Germany,"Iran (Islamic Rep. of)",2014,September,284
Germany,"Iran (Islamic Rep. of)",2014,October,380
Germany,"Iran (Islamic Rep. of)",2014,November,313
Germany,"Iran (Islamic Rep. of)",2014,December,203
Germany,Azerbaijan,2014,January,139
Germany,Azerbaijan,2014,February,75
Germany,Azerbaijan,2014,March,66
Germany,Azerbaijan,2014,April,112
Germany,Azerbaijan,2014,May,76
Germany,Azerbaijan,2014,June,56
Germany,Pakistan,2014,June,311
Germany,Pakistan,2014,July,407
Germany,Pakistan,2014,August,363
Germany,Pakistan,2014,September,411
Germany,Pakistan,2014,October,318
Germany,Pakistan,2014,November,324
Germany,Pakistan,2014,December,320
Germany,Peru,2014,June,1
Germany,Peru,2014,July,2
Germany,"The former Yugoslav Rep. of Macedonia",2014,January,763
Germany,"The former Yugoslav Rep. of Macedonia",2014,February,426
Germany,"The former Yugoslav Rep. of Macedonia",2014,March,415
Germany,"The former Yugoslav Rep. of Macedonia",2014,April,310
Germany,"The former Yugoslav Rep. of Macedonia",2014,May,241
Germany,"The former Yugoslav Rep. of Macedonia",2014,June,366
Germany,"The former Yugoslav Rep. of Macedonia",2014,July,560
Germany,"The former Yugoslav Rep. of Macedonia",2014,August,498
Germany,"The former Yugoslav Rep. of Macedonia",2014,September,456
Germany,"The former Yugoslav Rep. of Macedonia",2014,October,605
Germany,"The former Yugoslav Rep. of Macedonia",2014,November,611
Germany,"The former Yugoslav Rep. of Macedonia",2014,December,363
Germany,Azerbaijan,2014,July,112
Germany,Cyprus,2014,October,1
Germany,"Czech Rep.",2014,January,1
Germany,"Czech Rep.",2014,June,1
Germany,"Czech Rep.",2014,September,5
Germany,Djibouti,2014,March,2
Germany,Djibouti,2014,April,1
Germany,Djibouti,2014,October,3
Germany,Djibouti,2014,November,2
Germany,Philippines,2014,January,1
Germany,Philippines,2014,June,1
Germany,Philippines,2014,August,3
Germany,Philippines,2014,September,1
Germany,Philippines,2014,November,2
Germany,Azerbaijan,2014,August,137
Germany,Azerbaijan,2014,September,87
Germany,Azerbaijan,2014,October,118
Germany,Azerbaijan,2014,November,119
Germany,Azerbaijan,2014,December,95
Germany,Bahrain,2014,January,13
Germany,Bahrain,2014,February,4
Germany,Bahrain,2014,April,1
Germany,Bahrain,2014,June,2
Germany,Bahrain,2014,July,3
Germany,Bahrain,2014,August,7
Germany,Bahrain,2014,September,2
Germany,Bahrain,2014,October,1
Germany,Bahrain,2014,November,1
Germany,Bahrain,2014,December,2
Germany,Poland,2014,June,16
Germany,Poland,2014,September,2
Germany,Portugal,2014,April,1
Germany,Portugal,2014,July,1
Germany,"Dominican Rep.",2014,September,1
Germany,"Dominican Rep.",2014,October,3
Germany,Burundi,2014,February,1
Germany,Burundi,2014,May,1
Germany,Burundi,2014,July,3
Germany,Burundi,2014,November,5
Germany,Romania,2014,January,2
Germany,Romania,2014,February,2
Germany,Romania,2014,March,1
Germany,Romania,2014,June,2
Germany,"South Africa",2014,April,3
Germany,"South Africa",2014,August,5
Germany,"South Africa",2014,October,1
Germany,"South Africa",2014,November,2
Germany,Myanmar,2014,January,5
Germany,Myanmar,2014,February,8
Germany,Myanmar,2014,March,11
Germany,Myanmar,2014,April,6
Germany,Myanmar,2014,May,3
Germany,Myanmar,2014,June,7
Germany,Myanmar,2014,July,6
Germany,Myanmar,2014,August,5
Germany,Myanmar,2014,September,3
Germany,Myanmar,2014,October,3
Germany,Myanmar,2014,November,3
Germany,Myanmar,2014,December,2
Germany,"Russian Federation",2014,January,552
Germany,"Russian Federation",2014,February,394
Germany,"Russian Federation",2014,March,408
Germany,"Russian Federation",2014,April,325
Germany,"Russian Federation",2014,May,339
Germany,"Russian Federation",2014,June,315
Germany,"Russian Federation",2014,July,369
Germany,"Russian Federation",2014,August,371
Germany,"Russian Federation",2014,September,390
Germany,"Russian Federation",2014,October,374
Germany,"Russian Federation",2014,November,300
Germany,"Russian Federation",2014,December,274
Germany,Stateless,2014,January,69
Germany,Stateless,2014,February,78
Germany,Stateless,2014,March,85
Germany,Stateless,2014,April,77
Germany,Stateless,2014,May,104
Germany,Stateless,2014,June,93
Germany,Stateless,2014,July,144
Germany,Stateless,2014,August,98
Germany,Stateless,2014,September,122
Germany,Stateless,2014,October,164
Germany,Stateless,2014,November,191
Germany,Stateless,2014,December,151
Germany,"Sao Tome and Principe",2014,March,1
Germany,Sudan,2014,January,36
Germany,Sudan,2014,February,23
Germany,Sudan,2014,March,17
Germany,Sudan,2014,April,26
Germany,Sudan,2014,May,74
Germany,Sudan,2014,June,130
Germany,Sudan,2014,July,115
Germany,Sudan,2014,August,115
Germany,Sudan,2014,September,98
Germany,Sudan,2014,October,53
Germany,Sudan,2014,November,45
Germany,Sudan,2014,December,21
Germany,Slovakia,2014,January,1
Germany,Slovenia,2014,May,1
Germany,Slovenia,2014,September,2
Germany,Sweden,2014,August,2
Germany,Sweden,2014,September,1
Germany,Switzerland,2014,July,1
Germany,Namibia,2014,May,1
Germany,Rwanda,2014,January,2
Germany,Rwanda,2014,February,1
Germany,Rwanda,2014,April,4
Germany,Rwanda,2014,May,6
Germany,Rwanda,2014,June,3
Germany,Rwanda,2014,July,1
Germany,Rwanda,2014,August,2
Germany,Rwanda,2014,September,7
Germany,Rwanda,2014,October,2
Germany,Rwanda,2014,November,2
Germany,Kyrgyzstan,2014,January,35
Germany,Kyrgyzstan,2014,February,13
Germany,Kyrgyzstan,2014,March,12
Germany,Kyrgyzstan,2014,April,7
Germany,Kyrgyzstan,2014,May,2
Germany,Kyrgyzstan,2014,June,5
Germany,Kyrgyzstan,2014,July,12
Germany,Kyrgyzstan,2014,August,6
Germany,Kyrgyzstan,2014,September,1
Germany,Kyrgyzstan,2014,October,9
Germany,Kyrgyzstan,2014,November,2
Germany,Kyrgyzstan,2014,December,5
Germany,"Rep. of Korea",2014,January,1
Germany,"Rep. of Korea",2014,February,2
Germany,"Rep. of Korea",2014,March,1
Germany,"Rep. of Korea",2014,June,1
Germany,"Rep. of Korea",2014,August,1
Germany,"Rep. of Korea",2014,November,4
Germany,Rwanda,2014,December,1
Germany,"El Salvador",2014,June,1
Germany,"El Salvador",2014,October,4
Germany,"El Salvador",2014,November,4
Germany,"Saudi Arabia",2014,September,1
Germany,"Saudi Arabia",2014,October,1
Germany,"Saudi Arabia",2014,December,1
Germany,Nepal,2014,January,4
Germany,Nepal,2014,March,3
Germany,Nepal,2014,June,2
Germany,Nepal,2014,September,4
Germany,Nepal,2014,October,1
Germany,Nepal,2014,November,3
Germany,Netherlands,2014,June,1
Germany,Netherlands,2014,July,1
Germany,Netherlands,2014,September,2
Germany,Georgia,2014,January,251
Germany,Georgia,2014,February,221
Germany,Georgia,2014,March,199
Germany,Georgia,2014,April,274
Germany,Georgia,2014,May,210
Germany,Georgia,2014,June,205
Germany,Georgia,2014,July,259
Germany,Georgia,2014,August,279
Germany,Georgia,2014,September,282
Germany,Georgia,2014,October,229
Germany,Georgia,2014,November,230
Germany,Georgia,2014,December,234
Germany,Ghana,2014,January,72
Germany,Ghana,2014,February,73
Germany,Ghana,2014,March,90
Germany,Ghana,2014,April,99
Germany,Ghana,2014,May,84
Germany,Ghana,2014,June,95
Germany,Ghana,2014,July,102
Germany,Ghana,2014,August,99
Germany,Ghana,2014,September,111
Germany,Ghana,2014,October,101
Germany,Ghana,2014,November,143
Germany,Ghana,2014,December,75
Germany,"Dem. People's Rep. of Korea",2014,January,7
Germany,"Dem. People's Rep. of Korea",2014,February,3
Germany,"Dem. People's Rep. of Korea",2014,March,1
Germany,"Dem. People's Rep. of Korea",2014,April,5
Germany,"Dem. People's Rep. of Korea",2014,May,8
Germany,"Dem. People's Rep. of Korea",2014,August,2
Germany,"Dem. People's Rep. of Korea",2014,September,1
Germany,Kuwait,2014,April,2
Germany,Kuwait,2014,May,1
Germany,Kuwait,2014,October,1
Germany,"Lao People's Dem. Rep.",2014,July,1
Germany,Niger,2014,January,15
Germany,Niger,2014,February,10
Germany,Niger,2014,March,8
Germany,Niger,2014,April,17
Germany,Niger,2014,May,10
Germany,Niger,2014,June,17
Germany,Niger,2014,July,13
Germany,Niger,2014,August,18
Germany,Niger,2014,September,15
Germany,Niger,2014,October,8
Germany,Niger,2014,November,12
Germany,Niger,2014,December,9
Germany,"Syrian Arab Rep.",2014,January,1650
Germany,"Syrian Arab Rep.",2014,February,1781
Germany,"Syrian Arab Rep.",2014,March,1746
Germany,"Syrian Arab Rep.",2014,April,1739
Germany,"Syrian Arab Rep.",2014,May,2523
Germany,"Syrian Arab Rep.",2014,June,2702
Germany,"Syrian Arab Rep.",2014,July,3723
Germany,"Syrian Arab Rep.",2014,August,3639
Germany,"Syrian Arab Rep.",2014,September,4502
Germany,"Syrian Arab Rep.",2014,October,5219
Germany,"Syrian Arab Rep.",2014,November,5198
Germany,"Syrian Arab Rep.",2014,December,4910
Germany,"United Rep. of Tanzania",2014,January,4
Germany,"United Rep. of Tanzania",2014,February,8
Germany,"United Rep. of Tanzania",2014,March,8
Germany,"United Rep. of Tanzania",2014,April,3
Germany,Nigeria,2014,January,229
Germany,Nigeria,2014,February,206
Germany,Nigeria,2014,March,292
Germany,Nigeria,2014,April,303
Germany,Nigeria,2014,May,285
Germany,Nigeria,2014,June,337
Germany,Nigeria,2014,July,481
Germany,Nigeria,2014,August,445
Germany,Nigeria,2014,September,365
Germany,Liberia,2014,January,8
Germany,Liberia,2014,February,1
Germany,Liberia,2014,March,2
Germany,Liberia,2014,April,12
Germany,Liberia,2014,May,8
Germany,Liberia,2014,June,7
Germany,Liberia,2014,July,7
Germany,Liberia,2014,August,6
Germany,Liberia,2014,September,4
Germany,Liberia,2014,October,4
Germany,Liberia,2014,November,9
Germany,Liberia,2014,December,1
Germany,"United Rep. of Tanzania",2014,May,3
Germany,"United Rep. of Tanzania",2014,June,4
Germany,"United Rep. of Tanzania",2014,July,2
Germany,"United Rep. of Tanzania",2014,August,2
Germany,"United Rep. of Tanzania",2014,September,4
Germany,"United Rep. of Tanzania",2014,October,5
Germany,"United Rep. of Tanzania",2014,November,4
Germany,"United Rep. of Tanzania",2014,December,1
Germany,Thailand,2014,February,1
Germany,Thailand,2014,August,2
Germany,Thailand,2014,September,3
Germany,Nigeria,2014,October,364
Germany,Nigeria,2014,November,262
Germany,Nigeria,2014,December,355
Germany,Oman,2014,December,1
Germany,Guinea-Bissau,2014,January,26
Germany,Guinea-Bissau,2014,February,24
Germany,Guinea-Bissau,2014,March,23
Germany,Guinea-Bissau,2014,April,43
Germany,Guinea-Bissau,2014,May,25
Germany,Guinea-Bissau,2014,June,26
Germany,Guinea-Bissau,2014,July,31
Germany,Guinea-Bissau,2014,August,14
Germany,Guinea-Bissau,2014,September,30
Germany,Guinea-Bissau,2014,October,31
Germany,Guinea-Bissau,2014,November,28
Germany,Guinea-Bissau,2014,December,11
Germany,Greece,2014,February,4
Germany,Greece,2014,April,1
Germany,Greece,2014,May,2
Germany,Greece,2014,June,2
Germany,Pakistan,2014,January,407
Germany,Pakistan,2014,February,271
Germany,Pakistan,2014,March,318
Germany,Pakistan,2014,April,260
Germany,Tajikistan,2014,January,9
Germany,Tajikistan,2014,February,11
Germany,Tajikistan,2014,March,19
Germany,Tajikistan,2014,April,22
Germany,Tajikistan,2014,May,12
Germany,Tajikistan,2014,June,33
Germany,Tajikistan,2014,July,31
Germany,Tajikistan,2014,August,22
Germany,Tajikistan,2014,September,73
Germany,Tajikistan,2014,October,32
Germany,Tajikistan,2014,November,35
Germany,Tajikistan,2014,December,39
Germany,Uganda,2014,June,2
Germany,Uganda,2014,July,1
Germany,Uganda,2014,August,11
Germany,Uganda,2014,September,5
Germany,Uganda,2014,October,4
Germany,Uganda,2014,November,2
Germany,Uganda,2014,December,1
Germany,Libya,2014,January,59
Germany,Libya,2014,February,59
Germany,Libya,2014,March,34
Germany,Libya,2014,April,28
Germany,Libya,2014,May,64
Germany,Libya,2014,June,50
Germany,Libya,2014,July,31
Germany,Libya,2014,August,58
Germany,Libya,2014,September,46
Germany,Libya,2014,October,75
Germany,Libya,2014,November,65
Germany,Libya,2014,December,33
Germany,Ukraine,2014,January,20
Germany,Ukraine,2014,February,34
Germany,Ukraine,2014,March,55
Germany,Ukraine,2014,April,58
Germany,Ukraine,2014,May,90
Germany,Ukraine,2014,June,109
Germany,Ukraine,2014,July,199
Germany,Ukraine,2014,August,140
Germany,Ukraine,2014,September,345
Germany,Ukraine,2014,October,574
Germany,Ukraine,2014,November,599
Germany,Ukraine,2014,December,434
Germany,"United States of America",2014,April,3
Germany,"United States of America",2014,May,1
Germany,"United States of America",2014,July,1
Germany,"United States of America",2014,September,1
Germany,"United States of America",2014,November,2
Germany,"United States of America",2014,December,2
Germany,Guatemala,2014,April,4
Germany,Uzbekistan,2014,February,1
Germany,Uzbekistan,2014,March,4
Germany,Uzbekistan,2014,April,1
Germany,Uzbekistan,2014,May,1
Germany,Uzbekistan,2014,June,2
Germany,Uzbekistan,2014,July,7
Germany,Uzbekistan,2014,September,1
Germany,Uzbekistan,2014,October,3
Germany,Uzbekistan,2014,December,4
Germany,Guatemala,2014,May,1
Germany,Guinea,2014,January,160
Germany,Guinea,2014,February,138
Germany,Guinea,2014,March,119
Germany,Guinea,2014,April,121
Germany,Guinea,2014,May,96
Germany,Guinea,2014,June,106
Germany,Guinea,2014,July,75
Germany,Guinea,2014,August,74
Germany,Guinea,2014,September,71
Germany,Guinea,2014,October,79
Germany,Guinea,2014,November,61
Germany,Guinea,2014,December,48
Germany,Honduras,2014,April,1
Germany,Honduras,2014,July,1
Germany,Honduras,2014,October,1
Germany,Honduras,2014,December,1
Germany,"Venezuela (Bolivarian Republic of)",2014,March,1
Germany,"Venezuela (Bolivarian Republic of)",2014,April,1
Germany,"Venezuela (Bolivarian Republic of)",2014,June,1
Germany,"Venezuela (Bolivarian Republic of)",2014,August,3
Germany,"Venezuela (Bolivarian Republic of)",2014,September,1
Germany,"South Sudan",2014,January,8
Germany,"South Sudan",2014,February,3
Germany,"South Sudan",2014,March,1
Germany,"South Sudan",2014,April,6
Germany,"South Sudan",2014,May,11
Germany,"South Sudan",2014,June,3
Germany,"South Sudan",2014,July,6
Germany,"South Sudan",2014,August,1
Germany,"South Sudan",2014,September,3
Germany,"South Sudan",2014,November,2
Germany,"Rep. of Moldova",2014,January,14
Germany,"Rep. of Moldova",2014,February,7
Germany,"Rep. of Moldova",2014,March,7
Germany,"Rep. of Moldova",2014,April,8
Germany,"Rep. of Moldova",2014,May,7
Germany,"Rep. of Moldova",2014,June,19
Germany,"Rep. of Moldova",2014,July,31
Germany,"Rep. of Moldova",2014,August,32
Germany,"Rep. of Moldova",2014,September,13
Germany,"Rep. of Moldova",2014,October,30
Germany,"Rep. of Moldova",2014,November,44
Germany,"Rep. of Moldova",2014,December,43
Germany,Mexico,2014,January,1
Germany,Mexico,2014,March,1
Germany,Mexico,2014,April,2
Germany,Mexico,2014,June,1
Germany,Mexico,2014,November,1
Germany,Senegal,2014,January,49
Germany,Senegal,2014,February,41
Germany,Senegal,2014,March,59
Germany,Senegal,2014,April,57
Germany,Senegal,2014,May,88
Germany,Senegal,2014,June,65
Germany,Senegal,2014,July,79
Germany,Senegal,2014,August,90
Germany,Senegal,2014,September,59
Germany,Senegal,2014,October,43
Germany,Senegal,2014,November,55
Germany,Senegal,2014,December,74
Germany,Yemen,2014,January,9
Germany,Yemen,2014,February,11
Germany,Yemen,2014,March,6
Germany,Yemen,2014,April,22
Germany,Yemen,2014,May,16
Germany,Yemen,2014,June,5
Germany,Yemen,2014,July,14
Germany,Yemen,2014,August,26
Germany,Yemen,2014,September,6
Germany,Yemen,2014,October,10
Germany,Yemen,2014,November,20
Germany,Yemen,2014,December,1
Germany,Zambia,2014,October,1
Germany,Zambia,2014,December,1
Germany,Mali,2014,January,38
Germany,Mali,2014,February,29
Germany,Mali,2014,March,54
Germany,Mali,2014,April,48
Germany,Mali,2014,May,49
Germany,Mali,2014,June,45
Germany,Mali,2014,July,36
Germany,Mali,2014,August,52
Germany,Mali,2014,September,53
Germany,Mali,2014,October,42
Germany,Mali,2014,November,44
Germany,Mali,2014,December,30
Germany,Malaysia,2014,May,1
Germany,Malawi,2014,January,1
Germany,Malawi,2014,April,1
Germany,Zimbabwe,2014,January,1
Germany,Zimbabwe,2014,February,2
Germany,Zimbabwe,2014,March,3
Germany,Zimbabwe,2014,April,1
Germany,Zimbabwe,2014,June,1
Germany,Zimbabwe,2014,July,1
Germany,Zimbabwe,2014,August,4
Germany,Zimbabwe,2014,October,1
Germany,"Sierra Leone",2014,January,15
Germany,"Sierra Leone",2014,February,18
Germany,"Sierra Leone",2014,March,32
Germany,"Sierra Leone",2014,April,25
Germany,"Sierra Leone",2014,May,15
Germany,"Sierra Leone",2014,June,8
Germany,"Sierra Leone",2014,July,20
Germany,"Sierra Leone",2014,August,17
Germany,"Sierra Leone",2014,September,18
Germany,"Sierra Leone",2014,October,15
Germany,"Sierra Leone",2014,November,13
Germany,"Sierra Leone",2014,December,18
Germany,Montenegro,2014,January,41
Germany,Montenegro,2014,February,31
Germany,Montenegro,2014,March,97
Germany,Montenegro,2014,April,45
Germany,Montenegro,2014,May,141
Germany,Montenegro,2014,June,103
Germany,Montenegro,2014,July,132
Germany,Montenegro,2014,August,84
Germany,Montenegro,2014,September,62
Germany,Montenegro,2014,October,107
Germany,Montenegro,2014,November,62
Germany,Montenegro,2014,December,30
Germany,"Solomon Islands",2014,April,1
Germany,Somalia,2014,January,618
Germany,Somalia,2014,February,419
Germany,Somalia,2014,March,438
Germany,Somalia,2014,April,480
Germany,Somalia,2014,May,414
Germany,Somalia,2014,June,433
Germany,Somalia,2014,July,510
Germany,Somalia,2014,August,522
Germany,Somalia,2014,September,568
Germany,Somalia,2014,October,439
Germany,Somalia,2014,November,387
Germany,Somalia,2014,December,300
Germany,Spain,2014,January,1
Germany,Spain,2014,February,2
Germany,Spain,2014,March,1
Germany,Spain,2014,June,4
Germany,Mongolia,2014,January,38
Germany,Mongolia,2014,February,41
Germany,Mongolia,2014,March,18
Germany,Mongolia,2014,April,46
Germany,Mongolia,2014,May,42
Germany,Mongolia,2014,June,44
Germany,Mongolia,2014,July,42
Germany,Mongolia,2014,August,58
Germany,Mongolia,2014,September,68
Germany,Mongolia,2014,October,32
Germany,Mongolia,2014,November,26
Germany,Mongolia,2014,December,72
Germany,"Viet Nam",2014,January,43
Germany,"Viet Nam",2014,February,26
Germany,"Viet Nam",2014,March,33
Germany,"Viet Nam",2014,April,35
Germany,"Viet Nam",2014,May,37
Germany,"Viet Nam",2014,June,52
Germany,"Viet Nam",2014,July,96
Germany,"Viet Nam",2014,August,46
Germany,"Viet Nam",2014,September,31
Germany,"Viet Nam",2014,October,51
Germany,"Viet Nam",2014,November,61
Germany,"Viet Nam",2014,December,34
Germany,Morocco,2014,January,168
Germany,Morocco,2014,February,137
Germany,Morocco,2014,March,116
Germany,Morocco,2014,April,120
Germany,Morocco,2014,May,128
Germany,Morocco,2014,June,136
Germany,Morocco,2014,July,115
Germany,Morocco,2014,August,110
Germany,Morocco,2014,September,129
Germany,Morocco,2014,October,159
Germany,Morocco,2014,November,125
Germany,Morocco,2014,December,94
Germany,Mozambique,2014,January,3
Germany,Mozambique,2014,April,1
Germany,Mozambique,2014,August,2
Germany,Mozambique,2014,October,1
Germany,Turkmenistan,2014,January,26
Germany,Turkmenistan,2014,February,21
Germany,Turkmenistan,2014,March,19
Germany,Turkmenistan,2014,April,35
Germany,Turkmenistan,2014,May,21
Germany,Turkmenistan,2014,June,52
Germany,Turkmenistan,2014,July,31
Germany,Turkmenistan,2014,August,26
Germany,Turkmenistan,2014,September,34
Germany,Turkmenistan,2014,October,30
Germany,Turkmenistan,2014,November,23
Germany,Turkmenistan,2014,December,25
Germany,Togo,2014,January,15
Germany,Togo,2014,February,9
Germany,Togo,2014,March,8
Germany,Togo,2014,April,17
Germany,Togo,2014,May,14
Germany,Togo,2014,June,22
Germany,Togo,2014,July,21
Germany,Togo,2014,August,8
Germany,Togo,2014,September,16
Germany,Togo,2014,October,7
Germany,Togo,2014,November,3
Germany,Togo,2014,December,17
Germany,Tunisia,2014,January,81
Germany,Tunisia,2014,February,43
Germany,Tunisia,2014,March,46
Germany,Tunisia,2014,April,56
Germany,Tunisia,2014,May,50
Germany,Tunisia,2014,June,78
Germany,Tunisia,2014,July,60
Germany,Tunisia,2014,August,49
Germany,Tunisia,2014,September,49
Germany,Tunisia,2014,October,65
Germany,Tunisia,2014,November,60
Germany,Tunisia,2014,December,39
Germany,Turkey,2014,January,150
Germany,Turkey,2014,February,172
Germany,Turkey,2014,March,154
Germany,Turkey,2014,April,132
Germany,Turkey,2014,May,103
Germany,Turkey,2014,June,116
Germany,Turkey,2014,July,118
Germany,Turkey,2014,August,113
Germany,Turkey,2014,September,92
Germany,Turkey,2014,October,119
Germany,Turkey,2014,November,169
Germany,Turkey,2014,December,127
Germany,"United Arab Emirates",2014,February,1
Germany,Uganda,2014,January,1
Germany,Uganda,2014,February,3
Germany,Uganda,2014,March,6
Germany,Uganda,2014,April,4
Germany,Uganda,2014,May,7
Germany,Various/unknown,2014,January,259
Germany,Various/unknown,2014,February,251
Germany,Various/unknown,2014,March,210
Germany,Various/unknown,2014,April,254
Germany,Various/unknown,2014,May,428
Germany,Various/unknown,2014,June,385
Germany,Various/unknown,2014,July,479
Germany,Various/unknown,2014,August,508
Germany,Various/unknown,2014,September,564
Germany,Various/unknown,2014,October,728
Germany,Various/unknown,2014,November,703
Germany,Various/unknown,2014,December,637
Germany,"Serbia and Kosovo: S/RES/1244 (1999)",2014,January,2251
Germany,"Serbia and Kosovo: S/RES/1244 (1999)",2014,February,1279
Germany,"Serbia and Kosovo: S/RES/1244 (1999)",2014,March,1236
Germany,"Serbia and Kosovo: S/RES/1244 (1999)",2014,April,1160
Germany,"Serbia and Kosovo: S/RES/1244 (1999)",2014,May,1078
Germany,"Serbia and Kosovo: S/RES/1244 (1999)",2014,June,1188
Germany,"Serbia and Kosovo: S/RES/1244 (1999)",2014,July,2167
Germany,"Serbia and Kosovo: S/RES/1244 (1999)",2014,August,2068
Germany,"Serbia and Kosovo: S/RES/1244 (1999)",2014,September,1976
Germany,"Serbia and Kosovo: S/RES/1244 (1999)",2014,October,2963
Germany,"Serbia and Kosovo: S/RES/1244 (1999)",2014,November,3363
Germany,"Serbia and Kosovo: S/RES/1244 (1999)",2014,December,3351
Germany,Various/unknown,2014,January,259
Germany,Various/unknown,2014,February,251
Germany,Various/unknown,2014,March,210
Germany,Various/unknown,2014,April,254
Germany,Various/unknown,2014,May,428
Germany,Various/unknown,2014,June,385
Germany,Various/unknown,2014,July,479
Germany,Various/unknown,2014,August,508
Germany,Various/unknown,2014,September,564
Germany,Various/unknown,2014,October,728
Germany,Various/unknown,2014,November,703
Germany,Various/unknown,2014,December,637
Germany,"Serbia and Kosovo: S/RES/1244 (1999)",2014,January,2251
Germany,"Serbia and Kosovo: S/RES/1244 (1999)",2014,February,1279
Germany,"Serbia and Kosovo: S/RES/1244 (1999)",2014,March,1236
Germany,"Serbia and Kosovo: S/RES/1244 (1999)",2014,April,1160
Germany,"Serbia and Kosovo: S/RES/1244 (1999)",2014,May,1078
Germany,"Serbia and Kosovo: S/RES/1244 (1999)",2014,June,1188
Germany,"Serbia and Kosovo: S/RES/1244 (1999)",2014,July,2167
Germany,"Serbia and Kosovo: S/RES/1244 (1999)",2014,August,2068
Germany,"Serbia and Kosovo: S/RES/1244 (1999)",2014,September,1976
Germany,"Serbia and Kosovo: S/RES/1244 (1999)",2014,October,2963
Germany,"Serbia and Kosovo: S/RES/1244 (1999)",2014,November,3363
Germany,"Serbia and Kosovo: S/RES/1244 (1999)",2014,December,3351
